{"accuracy": [0.04575495794415474, 0.04473818093538284, 0.04016268253326416, 0.04270462691783905, 0.04372140392661095, 0.04626334458589554, 0.04778851196169853, 0.047280121594667435, 0.044229790568351746, 0.04524656757712364, 0.04778851196169853, 0.04880528897047043, 0.04880528897047043, 0.04880528897047043, 0.04473818093538284, 0.04880528897047043, 0.04880528897047043, 0.047280121594667435, 0.04880528897047043, 0.04880528897047043, 0.04880528897047043, 0.04880528897047043, 0.04880528897047043, 0.04880528897047043, 0.04880528897047043, 0.04880528897047043, 0.04880528897047043, 0.04880528897047043, 0.04880528897047043, 0.04880528897047043, 0.04880528897047043, 0.04880528897047043, 0.04880528897047043, 0.04880528897047043, 0.04880528897047043, 0.04880528897047043, 0.04880528897047043, 0.04880528897047043, 0.04880528897047043, 0.04880528897047043, 0.04880528897047043, 0.04880528897047043, 0.04880528897047043, 0.04880528897047043, 0.04880528897047043, 0.04880528897047043, 0.04880528897047043, 0.04880528897047043, 0.04880528897047043, 0.04880528897047043, 0.04880528897047043, 0.04880528897047043, 0.04880528897047043, 0.04880528897047043, 0.04880528897047043, 0.04880528897047043, 0.04880528897047043, 0.04880528897047043, 0.04880528897047043, 0.04880528897047043, 0.04880528897047043, 0.04880528897047043, 0.04880528897047043, 0.04880528897047043, 0.04880528897047043, 0.04880528897047043, 0.04880528897047043, 0.04880528897047043, 0.04880528897047043, 0.04880528897047043, 0.04880528897047043, 0.04880528897047043, 0.04880528897047043, 0.04880528897047043, 0.04880528897047043, 0.04880528897047043, 0.04880528897047043, 0.04880528897047043, 0.04880528897047043, 0.04880528897047043, 0.04880528897047043, 0.04880528897047043, 0.04880528897047043, 0.04880528897047043, 0.04880528897047043, 0.04880528897047043, 0.04880528897047043, 0.04880528897047043, 0.04880528897047043, 0.04880528897047043, 0.04880528897047043, 0.04880528897047043, 0.04880528897047043, 0.04880528897047043, 0.04880528897047043, 0.04880528897047043, 0.04880528897047043, 0.04880528897047043, 0.04880528897047043, 0.04880528897047043], "loss": [3.9703474044799805, 3.258960723876953, 3.2548680305480957, 3.253718137741089, 3.2525947093963623, 3.251574993133545, 3.250770092010498, 3.2500534057617188, 3.249450206756592, 3.248901128768921, 3.248436450958252, 3.248021364212036, 3.2476272583007812, 3.24731707572937, 3.247107982635498, 3.2468714714050293, 3.246612310409546, 3.2464559078216553, 3.246236801147461, 3.2461280822753906, 3.246037483215332, 3.2459685802459717, 3.245781660079956, 3.245729923248291, 3.24560284614563, 3.245549440383911, 3.2455410957336426, 3.2455034255981445, 3.2454588413238525, 3.2453486919403076, 3.2453441619873047, 3.2453439235687256, 3.245326519012451, 3.245274543762207, 3.2452540397644043, 3.2452845573425293, 3.245234966278076, 3.245187520980835, 3.245231866836548, 3.245177745819092, 3.2451937198638916, 3.2452001571655273, 3.2451932430267334, 3.245180130004883, 3.245115041732788, 3.2451603412628174, 3.245154857635498, 3.245164394378662, 3.2451305389404297, 3.2451095581054688, 3.245103359222412, 3.245176315307617, 3.2451233863830566, 3.245124340057373, 3.2450685501098633, 3.2450931072235107, 3.2450971603393555, 3.2451460361480713, 3.245143413543701, 3.2452049255371094, 3.2451183795928955, 3.245143175125122, 3.2451040744781494, 3.245114326477051, 3.2451045513153076, 3.2451283931732178, 3.2451207637786865, 3.2451412677764893, 3.2452080249786377, 3.2451274394989014, 3.245049476623535, 3.2450923919677734, 3.245105266571045, 3.2451088428497314, 3.2451186180114746, 3.245123863220215, 3.2451276779174805, 3.2451047897338867, 3.245107412338257, 3.2451133728027344, 3.2451272010803223, 3.2451119422912598, 3.245130777359009, 3.2451701164245605, 3.2451655864715576, 3.245157480239868, 3.245131015777588, 3.2451298236846924, 3.2450835704803467, 3.245150566101074, 3.245161771774292, 3.245166063308716, 3.245143413543701, 3.2451424598693848, 3.2451226711273193, 3.2451112270355225, 3.245144844055176, 3.245175838470459, 3.245117664337158, 3.245079755783081], "val_accuracy": [0.03252032399177551, 0.04065040498971939, 0.03658536449074745, 0.03658536449074745, 0.04065040498971939, 0.03658536449074745, 0.03658536449074745, 0.04065040498971939, 0.03658536449074745, 0.03658536449074745, 0.04065040498971939, 0.04065040498971939, 0.04065040498971939, 0.04065040498971939, 0.04065040498971939, 0.04065040498971939, 0.04065040498971939, 0.04065040498971939, 0.04065040498971939, 0.04065040498971939, 0.04065040498971939, 0.04065040498971939, 0.04065040498971939, 0.04065040498971939, 0.04065040498971939, 0.04065040498971939, 0.04065040498971939, 0.04065040498971939, 0.04065040498971939, 0.04065040498971939, 0.04065040498971939, 0.04065040498971939, 0.04065040498971939, 0.04065040498971939, 0.04065040498971939, 0.04065040498971939, 0.04065040498971939, 0.04065040498971939, 0.04065040498971939, 0.04065040498971939, 0.04065040498971939, 0.04065040498971939, 0.04065040498971939, 0.04065040498971939, 0.04065040498971939, 0.04065040498971939, 0.04065040498971939, 0.04065040498971939, 0.04065040498971939, 0.04065040498971939, 0.04065040498971939, 0.04065040498971939, 0.04065040498971939, 0.04065040498971939, 0.04065040498971939, 0.04065040498971939, 0.04065040498971939, 0.04065040498971939, 0.04065040498971939, 0.04065040498971939, 0.04065040498971939, 0.04065040498971939, 0.04065040498971939, 0.04065040498971939, 0.04065040498971939, 0.04065040498971939, 0.04065040498971939, 0.04065040498971939, 0.04065040498971939, 0.04065040498971939, 0.04065040498971939, 0.04065040498971939, 0.04065040498971939, 0.04065040498971939, 0.04065040498971939, 0.04065040498971939, 0.04065040498971939, 0.04065040498971939, 0.04065040498971939, 0.04065040498971939, 0.04065040498971939, 0.04065040498971939, 0.04065040498971939, 0.04065040498971939, 0.04065040498971939, 0.04065040498971939, 0.04065040498971939, 0.04065040498971939, 0.04065040498971939, 0.04065040498971939, 0.04065040498971939, 0.04065040498971939, 0.04065040498971939, 0.04065040498971939, 0.04065040498971939, 0.04065040498971939, 0.04065040498971939, 0.04065040498971939, 0.04065040498971939, 0.04065040498971939],